Feature,GainImportance
amount,178103.7105455622
merch_txn_count_sofar,78155.86440195143
merchant,31554.980249270797
txn_amount_sum_24h,17034.829691387713
cust_txn_count_sofar,5659.749510072172
time_since_last_txn,4623.181664042175
step,4569.395490467548
customer,4102.963156230748
category_es_health,2468.514925032854
txn_count_1h,1374.5175686180592
Others,13171.448257096112
