Model,AUPRC,AUROC
LGB-Weighted,0.9468079521003078,0.9990759976950868
LGB-EU 0.02,0.9566883976493394,0.999268510934491
LGB-EU 0.05,0.9577828623757437,0.9992777241964758
LGB-EU 0.1,0.9566379610448515,0.99928699071431
LGB-SMOTE 0.10,0.955115788055477,0.9992515622603487
XGB-Weighted,0.9422651505101224,0.9987776684109733
